"TOWN","ADDR","ADDR_ORI","X","Y","LAT","LONG"
"三民區","鼎中路６６８號","高雄市三民區鼎中路668號1樓、2樓","180309.238","2508289.029","22.67350421388191","120.32180297572293"
"三民區","九如一路２７８號","高雄市三民區九如一路278號","181681.198","2504364.908","22.63812335353644","120.33532417641243"
"三民區","大昌二路１４６號","高雄市三民區大昌二路146號","181384.216","2505052.403","22.64431979395666","120.33240497799238"
"三民區","明誠一路３６０號","高雄市三民區明誠一路360號1樓","180537.051","2506807.884","22.66013813126333","120.32408535124651"
"三民區","建工路７３６號","高雄市三民區建工路736號1樓","180050.143","2505533.811","22.648612574931605","120.31940443291543"
"三民區","大昌二路５２５號","高雄市三民區大昌二路525號1樓","181160.675","2505825.953","22.65129627839938","120.33019627793405"
"三民區","義華路９２號","高雄市三民區本揚里義華路92號1樓","182464.161","2504861.915","22.642642991297553","120.34291991493356"
"三民區","九如一路６０９號","高雄市三民區九如一路609號1樓","180650.64","2504490.278","22.63921363836494","120.32529284619129"
"三民區","覺民路６１７號","高雄市三民區寶安里覺民路617號1樓","180971.482","2504681.545","22.640953982629178","120.328405789921"
"三民區","自強一路２４５號","高雄市三民區自強一路245號1樓","177124.15","2504133.93","22.635847625043123","120.29100174027211"
"三民區","明仁路５３號","高雄市三民區明仁路53號2樓及55、57、59號1、2樓","179517.04","2506948.314","22.66136410672583","120.31415429548736"
"三民區","鼎力路２４３號","高雄市三民區鼎力路243號","180450.843","2507741.012","22.668561188310015","120.3232052143444"
"三民區","褒揚街２８５號","高雄市三民區寶國里褒揚街285號","182152.436","2504659.912","22.640806337205678","120.33989590315556"
"三民區","覺民路６１７號","高雄市三民區寶安里覺民路617號1樓","180971.482","2504681.545","22.640953982629178","120.328405789921"
"三民區","鼎泰街２３２號","高雄市三民區鼎泰街232號1樓","179981.041","2507432.054","22.66575177151123","120.31864751650983"
"三民區","博愛一路２２９號","高雄市三民區博愛一路229號1樓","178362.32","2505487.13","22.648120460055853","120.30298536512316"
"三民區","陽明路３００號","高雄市三民區本揚里陽明路300號","182413.558","2504938.918","22.64333635184347","120.34242429511198"
"三民區","有光路４３號","高雄市三民區寶獅里有光路43號及克武路68、70號","181552.567","2504226.849","22.6368714149813","120.3340787948675"
"三民區","九如一路２７８號","高雄市三民區九如一路278號","181681.198","2504364.908","22.63812335353644","120.33532417641243"
"三民區","十全一路１６１號","高雄市三民區德智里十全一路161號","179000.008","2505122.951","22.644858607023227","120.30920599252703"
"三民區","九如一路４４６號","高雄市三民區九如一路446號1樓","181104.656","2504471.915","22.63906633555987","120.32971058657745"
"三民區","民族一路９８號","高雄市三民區安吉里民族一路98號1樓","179587.46","2504993.24","22.643711778130534","120.31492709757111"
"三民區","莊敬路２８９號","高雄市三民區莊敬路289號","179954.284","2505650.958","22.649666507440262","120.31846657720286"
"三民區","鼎山街６８４號","高雄市三民區鼎復里鼎山街684號1樓","179687.61","2505628.618","22.64945371358045","120.31587302395181"
"三民區","九如二路４４６號","高雄市三民區精華里九如二路446號1樓","178013.131","2504773.949","22.641665298328203","120.2996207062619"
"三民區","自由一路１０５號","高雄市三民區德智里自由一路105號1樓","178929.063","2505006.297","22.643802189913895","120.30852104588062"
"三民區","正興路３號","高雄市三民區寶龍里正興路3號1樓","180419.424","2505235.151","22.645930739396587","120.32301047727942"
"三民區","熱河二街１７號","高雄市三民區熱河二街17號1樓","178246.351","2505021.954","22.64391479478805","120.3018783171378"
"三民區","中華三路２５６號","高雄市三民區興德里中華三路256號1樓","177413.879","2504072.934","22.6353092396336","120.29382312044083"
"三民區","大豐一路１５１號","高雄市三民區大豐一路151號1樓、2樓及153號1樓、2樓","181229.287","2506469.97","22.65711486851789","120.33083564662307"
"三民區","十全二路１２２號","高雄市三民區安邦里十全二路122號1樓","178024.537","2505241.962","22.645892156914922","120.2997102453678"
"三民區","黃興路１６５號","高雄市三民區本上里黃興路165號1樓","182220.348","2505322.93","22.646796466002158","120.34052801562211"
"三民區","復興一路１７６號","高雄市三民區復興一路176號1樓","178957.29","2504280.92","22.637252868912427","120.30882843562459"
"三民區","建國二路２３３號","高雄市三民區建國二路233號1樓","178563.88","2504296.09","22.63737331942612","120.30500049293047"
"三民區","建國一路４１７號","高雄市三民區建國一路417號1樓","179797.554","2503973.912","22.63451545684867","120.3170165830241"
"三民區","覺民路５７９號","高雄市三民區覺民路579號1樓","181089.157","2504650.921","22.64068222307656","120.32955195866305"
"三民區","十全一路７４號","高雄市三民區十全一路74號1樓","179274.128","2505144.949","22.645068729027972","120.31187190361655"
"三民區","九如二路７８號","高雄市三民區德仁里九如二路78號1樓","179199.518","2504675.937","22.640830205582745","120.31116714592943"
"三民區","大昌二路５２２號","高雄市三民區大昌二路522號1樓","181194.078","2505854.953","22.651559521055283","120.33052000089054"
"三民區","正忠路２２２號","高雄市三民區正忠路222號1樓","181175.769","2505189.935","22.645553321702284","120.33037098483831"
"三民區","河北二路１１０號","高雄市三民區河北二路110號1樓","177759.98","2504187.45","22.636358163533785","120.29718481788069"
"三民區","大昌一路６號","高雄市三民區大昌一路6號1樓","180998.73","2506007.93","22.652933030910404","120.3286126522428"
"三民區","建興路５１號","高雄市三民區建興路51號、53號1樓","181143.813","2504802.003","22.642048795048346","120.33007707421427"
"三民區","察哈爾一街１４８號","高雄市三民區安和里察哈爾一街148號1樓","178440.66","2505442.76","22.64772309065164","120.30374956824198"
"三民區","文濱路２２號","高雄市三民區寶業里文濱路22號1樓","183030.163","2504428.389","22.63875048317802","120.34844493807799"
"三民區","皓東路１９３號","高雄市三民區本武里皓東路193號1樓","181599.544","2505640.453","22.64963890386799","120.33447430635675"
"三民區","力行路１３１號","高雄市三民區千秋里力行路131號1樓","176762.734","2504386.948","22.638116907393254","120.28747400428684"
"三民區","建元路５８號","高雄市三民區正興里建元路58號1樓","179863.974","2505330.95","22.64677293947307","120.31760220322691"
"三民區","明誠一路６９０號","高雄市三民區鼎泰里明誠一路690號1樓","180015.138","2506817.533","22.660203764029486","120.31900668089901"
"三民區","鼎貴路１５１號","高雄市三民區鼎盛里鼎貴路151號1樓","180456.831","2508337.916","22.67395176199404","120.32323703662237"
"三民區","黃興路１５１號","高雄市三民區本上里黃興路151號1樓","182233.049","2505309.93","22.646679577331703","120.34065214601853"
"三民區","河堤路５１０號","高雄市三民區鼎泰里河堤路510號1樓","179479.367","2507383.01","22.665288045337846","120.31376821210817"
"三民區","大福街２１１號","高雄市三民區本和里大福街211號1樓","180733.751","2506533.976","22.65767266841288","120.326011332316"
"三民區","覺民路３３８號","高雄市三民區寶德里覺民路338號1樓","181665.75","2504632.079","22.640535427451468","120.33516228016339"
"三民區","覺民路２３８號","高雄市三民區覺民路238號1樓","182057.928","2504555.91","22.63986335502273","120.33898095446655"
"三民區","九如一路５３３號","高雄市三民區寶盛里九如一路533號1樓","180818.447","2504467.768","22.639017222388777","120.3269263615792"
"三民區","九如二路７６號","高雄市三民區同德里九如二路76號1樓","179227.39","2504672.06","22.64079635907934","120.31143847795367"
"三民區","明吉路９號","高雄市三民區鼎泰里明吉路9號1樓","179416.758","2507003","22.661853767191076","120.31317608166103"
"三民區","吉林街２７１號","高雄市三民區安東里吉林街271號1樓","178726.992","2505529.964","22.648522659413814","120.30653137923035"
"三民區","正忠路２４６號","高雄市三民區寶珠里正忠路246號1樓","181170.013","2505317.406","22.64670421692288","120.33030940288981"
"三民區","民族一路５４３巷２５號","高雄市三民區鼎泰里民族一路543巷25號1樓","179637.68","2507494.012","22.66629703644541","120.31530368699805"
"三民區","建國三路１６９號","高雄市三民區建東里建國三路169號1樓","177855.685","2504330.439","22.637653498779933","120.29810930836554"
"三民區","民族一路９４號","高雄市三民區安吉里民族一路94號1樓、2樓、96號1樓","179587.46","2504993.24","22.643711778130534","120.31492709757111"
"三民區","建國三路３３號","高雄市三民區港西里建國三路33號1樓","178182.439","2504320.935","22.637581555606","120.30128854381078"
"三民區","鼎金後路４３２號","高雄市三民區鼎強里鼎金後路432號1樓","180590","2508039.39","22.67126140040067","120.32454610973274"
"三民區","大豐二路４８９號","高雄市三民區本武里大豐二路489號1樓","181569.407","2505666.527","22.64987314797646","120.33417995798672"
"三民區","鼎中路１６０號","高雄市三民區鼎中里鼎中路160號1樓","180059.164","2507021.693","22.662049247020857","120.31942596467682"
"三民區","建國三路２８５號","高雄市三民區建國三路285號1樓","177556.592","2504296.939","22.637338215875392","120.29520115016126"
"三民區","大裕路１１９號","高雄市三民區本和里大裕路119號1樓","180986.487","2506363.372","22.656142352639048","120.32847792060822"
"三民區","九如二路８６號","高雄市三民區德仁里九如二路86號1樓","179184.66","2504676.56","22.640835210511003","120.31102256928257"
"三民區","力行路２４８號","高雄市三民區力行路248號1樓","176659.77","2504397.2","22.63820503340518","120.28647184820439"
"三民區","鼎貴路１４６號","高雄市三民區鼎貴路146號1樓","180498.789","2508351.836","22.67407919099022","120.32364471476973"
"三民區","民族一路９００號","高雄市三民區民族一路900號1樓","179925.806","2507910.021","22.67006575163421","120.31808872236134"
"三民區","建國三路３６號","高雄市三民區建國三路36號1樓","178114.05","2504370.07","22.638022367459907","120.30062098089408"
"三民區","天祥一路８８號","高雄市三民區天祥一路88號1樓","180224.758","2507616.663","22.667428947566094","120.32101078744539"
"三民區","建國二路３２０號","高雄市三民區建國二路320號地下1樓","178308.32","2504400.89","22.63830891853315","120.3025095225863"
"三民區","九如二路７８號","高雄市三民區九如二路78號1樓","179199.518","2504675.937","22.640830205582745","120.31116714592943"
"三民區","鼎山街５６６之３號","高雄市三民區灣復里鼎山街566之3號1樓","179869.28","2505903.966","22.651947774799925","120.3176282563823"
"三民區","正興路１２１號","高雄市三民區正興里正興路121號、123號1樓","180107.191","2505264.946","22.646186945967578","120.31997142183477"
"三民區","建國二路２８１號","高雄市三民區港東里建國二路281號1樓","178411.855","2504310.933","22.637500942032844","120.30352085530265"
"三民區","正義路３３７號","高雄市三民區寶民里正義路337號1樓","182401.64","2504027.29","22.63510337608387","120.34234753400794"
"三民區","鼎祥街７３號","高雄市三民區鼎祥街73號","179688.922","2507475.026","22.66612771429781","120.31580314616245"
"三民區","大順二路３２８號","高雄市三民區大順二路328號1樓","180704.135","2505279.941","22.64634688958379","120.32577847243365"
"三民區","裕誠路５６號","高雄市三民區鼎泰里裕誠路56號1樓","179588.474","2507227.005","22.663883791261743","120.31483686217182"
"三民區","十全一路１８３號","高雄市三民區十全一路183號1樓","178933.6","2505128.95","22.64490999562336","120.30855964123681"
"三民區","義華路１７１號","高雄市三民區寶國里義華路171號1樓","182195.541","2504867.918","22.642686469875322","120.34030628988286"
"三民區","十全一路１００號","高雄市三民區十全一路100號1樓","179081.91","2505157.95","22.645178096319846","120.31000123421772"
"三民區","建國二路３１８號","高雄市三民區建國二路318號3樓","178308.32","2504400.89","22.63830891853315","120.3025095225863"
"三民區","明仁路８號","高雄市三民區鼎泰里明仁路8號1樓","179530.56","2506820.99","22.660214874045817","120.31429155940397"
"三民區","明誠一路３７９號","高雄市三民區本和里明誠一路379號1樓","180455.413","2506783.978","22.6599188955941","120.3232920673576"
"三民區","大昌一路１２號","高雄市三民區本和里大昌一路12號1樓","180953.762","2506018.96","22.65303080400081","120.32817464879221"
"三民區","建國三路３８號","高雄市三民區建國三路38號1樓","178099.77","2504370.47","22.638025373679138","120.30048204032343"
"三民區","正忠路２５９號","高雄市三民區寶興里正忠路259號1樓","181143.267","2505194.935","22.645597153146923","120.33005455250225"
"三民區","建國三路３１號","高雄市三民區建國三路31號1樓","178192.739","2504320.935","22.63758199218461","120.30138874655562"
"三民區","鼎強街２８３號","高雄市三民區鼎強里鼎強街283號1樓","180610.257","2507933.016","22.67030162328972","120.32474792962307"
"三民區","九如一路８０５號","高雄市三民區九如一路805號1樓","180164.78","2504534.92","22.639596819509876","120.32056413565499"
"三民區","博愛一路１號","高雄市三民區博愛一路1號1樓","178298.55","2504756.94","22.641523804679277","120.30239824032901"
"三民區","建工路４６２號","高雄市三民區灣利里建工路462號1樓","180852.252","2505848.956","22.651491438914714","120.32719448171065"
"三民區","建國二路１２３號","高雄市三民區建國二路123號1樓","178916.39","2504295.92","22.637386610726992","120.30842986553131"
"三民區","義華路９２號","高雄市三民區義華路92號","182464.161","2504861.915","22.642642991297553","120.34291991493356"
"三民區","吉林街６８號","高雄市三民區達仁里吉林街68號１樓","178696.682","2504792.944","22.64186574372742","120.30626991684076"
"三民區","建興路１０１號","高雄市三民區寶興里建興路101號1樓","180963.95","2504864.928","22.642609719368554","120.3283244613741"
"三民區","建興路３０５號","高雄市三民區建興路305號1樓","180446.116","2505222.942","22.645821582413653","120.32327070541191"
"三民區","南華路２３７之２號","高雄市三民區港東里南華路237-2號1樓","178414.35","2504290.79","22.637319146552674","120.30354604457364"
"三民區","熱河一街１４６號","高雄市三民區德智里熱河一街146號1樓","179021.108","2504988.947","22.643649370903606","120.30941732356763"
"三民區","建國三路４３７號","高雄市三民區千歲里建國三路437號1樓","177123.65","2504152.93","22.636019182172337","120.29099599577982"
"三民區","建德路６９號","高雄市三民區建德路69號","180553.426","2505455.947","22.647930139246526","120.32430443514654"
"三民區","大昌一路２１１號","高雄市三民區大昌一路211號","180539.03","2506249.91","22.65509943195028","120.32412927898936"
"三民區","天祥一路１２４號","高雄市三民區鼎力里天祥一路124號1樓","180118.617","2507649.012","22.667716693359168","120.31997653579668"
"三民區","九如二路５８２號","高雄市三民區十全里九如二路582號","177557.597","2504808.953","22.6419619800114","120.29518733965851"
"三民區","有光路１２３號","高雄市三民區寶盛里有光路123號1樓","181309.069","2504267.908","22.637232344998182","120.33170814694138"
"三民區","鼎泰街２２２號","高雄市三民區鼎泰街222號","179964.324","2507410.775","22.66555892014654","120.31848580181723"
"三民區","堯山街２５號","高雄市三民區堯山街25號1樓、27號1、2樓","179712.24","2504699.82","22.64106723294179","120.31615418491063"
"三民區","黃興路３３９號","高雄市三民區本安里黃興路339號","181951.01","2505552.05","22.648854739566385","120.33789766700255"
"三民區","鼎泰街１１１號","高雄市三民區鼎泰街111號","179906.42","2507162.85","22.663317641961317","120.31793343772085"
"三民區","大連街３３６號","高雄市三民區安和里大連街336號","178648.99","2505717.11","22.65020939043705","120.30576398575975"
"三民區","義華路１６９號","高雄市三民區寶國里義華路169號","182204.842","2504865.918","22.642668781095846","120.34039686425238"
"三民區","鼎山街５７６號","高雄市三民區鼎山街576號之1 1樓","179832.97","2505854.96","22.65150372228928","120.31727716764273"
"三民區","大豐二路４５７號","高雄市三民區大豐二路457號1樓","181619.506","2505509.94","22.648461109541724","120.33467420181067"
"三民區","建國一路４１７號","高雄市三民區港新里建國一路417號1樓","179797.554","2503973.912","22.63451545684867","120.3170165830241"
"三民區","美都路９８號","高雄市三民區美都路98號","176828.49","2504986.16","22.643530898599202","120.2880858227667"
"三民區","應昇路４２號","高雄市三民區應昇路42號","179793.35","2505581.84","22.64903567291543","120.31690388858138"
"三民區","合江街３９號","高雄市三民區合江街39號","178838.59","2505517.96","22.64841895115645","120.30761768247781"
"三民區","九如二路１３８號","高雄市三民區德仁里九如二路138號1樓","179015.904","2504690.938","22.64095798765655","120.30938014893934"
"三民區","博愛一路１號","高雄市三民區精華里博愛一路１號","178298.55","2504756.94","22.641523804679277","120.30239824032901"
"三民區","重慶街２３８號","高雄市三民區安泰里重慶街238號","178311.4","2505500.89","22.648242564292307","120.30248932834336"
"三民區","建興路１２０號","高雄市三民區建興路120號1樓","180881.945","2504945.931","22.643337873956085","120.32752308757438"
"三民區","建元路６２號","高雄市三民區建元路62號1樓","179868.474","2505283.948","22.64634867457048","120.31764808123346"
"三民區","鼎力路１００號","高雄市三民區鼎力路100號1樓","180326.11","2507316.54","22.66472286997652","120.32201031738619"
"三民區","大裕路１１９號","高雄市三民區大裕路119號1樓","180986.487","2506363.372","22.656142352639048","120.32847792060822"
"三民區","大昌二路３４６號","高雄市三民區大昌二路346號1樓","181357.185","2505444.941","22.64786352140289","120.33212485318133"
"三民區","有光路１２號","高雄市三民區有光路12號1樓","181590.58","2504247.41","22.63705862708536","120.3344477076666"
"三民區","九如二路３６８號","高雄市三民區九如二路368號1樓","178227.799","2504757.446","22.64152537780356","120.30170990192293"
"三民區","建德路５１號","高雄市三民區建德路51號1樓","180512.723","2505480.949","22.648154250153343","120.32390732229769"
"三民區","九如二路３８號","高雄市三民區九如二路38號1樓","179326.927","2504664.935","22.640736172485266","120.31240716083617"
"三民區","覺民路５１０號","高雄市三民區覺民路510號1樓","181276.971","2504675.92","22.640915607051436","120.3313780520724"
"三民區","憲政路３４０號","高雄市三民區憲政路340號1樓","179904.605","2504207.101","22.636625703442693","120.31804760859802"
"三民區","莊敬路１４６號","高雄市三民區莊敬路146號1樓","180276.212","2506069.967","22.653463653270606","120.32158012398419"
"三民區","九如一路２１４巷５號","高雄市三民區九如一路214巷5號1樓","181937.508","2504367.744","22.638159280581377","120.33781757365261"
"三民區","大昌一路１８８號","高雄市三民區大昌一路188號1樓","180605.866","2506233.53","22.654954253605624","120.32478029690289"
"三民區","察哈爾一街５０號","高雄市三民區察哈爾一街50號1樓、地下室","178746.492","2505419.961","22.64753010112973","120.30672608552099"
"三民區","建工路４１１號","高雄市三民區建工路411號1樓","181052.368","2505899.956","22.651960156091715","120.32913926397721"
"三民區","建工路４９３號","高雄市三民區建工路493號1樓","180401.116","2505561.952","22.648881164349415","120.32281788722183"
"三民區","平等路１０７號","高雄市三民區安發里平等路107號1樓","180183.789","2504693.234","22.64102725864104","120.32074203755549"
"三民區","大昌二路１９５號","高雄市三民區寶興里大昌二路195號1樓","181322.28","2505168.933","22.64536961034889","120.3317973143473"
"三民區","建國三路１６９號","高雄市三民區建東里建國三路169號1樓","177855.685","2504330.439","22.637653498779933","120.29810930836554"
"三民區","寧夏街２６號","高雄市三民區安康里寧夏街26號1樓","179776.32","2504567.04","22.63987082098379","120.31678352978099"
"三民區","黃興路１６８號","高雄市三民區黃興路168號、170號1樓","182228.649","2505357.931","22.647112876009018","120.34060726820597"
"三民區","建元路１１號","高雄市三民區正興里建元路11號1樓","179889.576","2505398.951","22.647388082190293","120.31784825460379"
"三民區","中華二路１４２號","高雄市三民區德北里中華二路142號","177231.17","2504791.95","22.641794443441935","120.29201241179933"
"三民區","澄和路７８號","高雄市三民區本揚里澄和路78號1樓","182603.074","2505098.921","22.64478881798817","120.34426122020746"
"三民區","建國二路２９５號","高雄市三民區港東里建國二路295號1樓","178362.46","2504314.37","22.637529891935397","120.30304016343352"
"三民區","鼎山街５９２號","高雄市三民區灣復里鼎山街592號1樓","179808.075","2505807.963","22.65107828456277","120.31703705254763"
"三民區","大昌二路１１９之３號","高雄市三民區寶安里大昌二路119-3號1樓","181334.61","2504837.86","22.642380347830187","120.33193173353273"
"三民區","大昌二路３２８號","高雄市三民區寶玉里大昌二路328號1樓","181362.769","2505387.845","22.647348141195156","120.33218167435527"
"三民區","延慶街１１３號","高雄市三民區安發里延慶街113號１樓","179899.041","2504848.264","22.642415497182135","120.31796489746702"
"三民區","義明街１３號","高雄市三民區寶國里義明街1、3號1樓","182155.124","2504823.347","22.6422823512852","120.33991500187066"
"三民區","覺民路３８號","高雄市三民區寶業里覺民路38號1樓","182521.661","2504460.904","22.63902393388649","120.34349653371675"
"三民區","建興路１５１號","高雄市三民區寶興里建興路151號1樓","180862.57","2504920.725","22.643109460021094","120.32733569896165"
"三民區","鼎祥街７３號","高雄市三民區鼎泰里鼎祥街73號1樓","179688.922","2507475.026","22.66612771429781","120.31580314616245"
"三民區","吉林街１５５號","高雄市三民區達明里吉林街155號、157號1樓","178688.884","2505096.952","22.644610752304654","120.30618026299476"
"三民區","建元路６２號","高雄市三民區建元路62號","179868.474","2505283.948","22.64634867457048","120.31764808123346"
"三民區","明賢街３８號","高雄市三民區鼎泰里明賢街38號1樓及地下室","179332.152","2506990","22.661732840065213","120.31235343708578"
"三民區","澄和路６５號","高雄市三民區本揚里澄和路65號1、2樓","182638.076","2505051.919","22.644365756793672","120.34460376924633"
"三民區","大裕路２５９號","高雄市三民區本和里大裕路259號","180996.81","2506701.06","22.659192265537975","120.32856352796985"
"三民區","九如一路５３０號","高雄市三民區寶安里九如一路530號","180805.329","2504516.203","22.639454079839414","120.3267966108972"
"三民區","民族一路１３號","高雄市三民區同德里民族一路13號、13-1號1樓","179466.23","2504663.87","22.640732361045707","120.31376244129927"
"三民區","建國二路２６５之１號","高雄市三民區建國二路265之1號","178461.93","2504304.72","22.6374469507897","120.3040082886108"
"三民區","建興路７５號","高雄市三民區建興路75號、77號、79號、建武路89號","181034.913","2504841.887","22.64240453797167","120.3290158591318"
"三民區","大豐二路４５７號","高雄市三民區大豐二路457號","181619.506","2505509.94","22.648461109541724","120.33467420181067"
"三民區","鼎華路１８０號","高雄市三民區鼎華路180號、182號、184號、186號","179736.97","2505896.966","22.651879075573365","120.3163412637718"
"三民區","凱歌路８７號","高雄市三民區凱歌路87號","179880.591","2504188.399","22.636455821279338","120.3178148248693"
"三民區","建興路１５１號","高雄市三民區建興路151號","180862.57","2504920.725","22.643109460021094","120.32733569896165"
"三民區","壽昌路９３號","高雄市三民區壽昌路93號1樓","181492.58","2504879.92","22.642766568321107","120.3334667631305"
"三民區","明誠一路５０６號","高雄市三民區鼎西里明誠一路506號1樓","180358.49","2506844.05","22.66045738941729","120.32234633926103"
"三民區","察哈爾一街５０號","高雄市三民區安東里察哈爾一街50號1樓","178746.492","2505419.961","22.64753010112973","120.30672608552099"
"三民區","北平一街１５３號","高雄市三民區安和里北平一街153號、155號、157號1樓","178530.713","2505687.21","22.64993439121159","120.30461459083001"
"三民區","鼎中路５３０號","高雄市三民區鼎力里鼎中路530號1樓","180181.753","2507856.36","22.669591750972","120.32058166476811"
"三民區","陽明路３８５號","高雄市三民區本上里陽明路385號1樓","182401.059","2505107.923","22.6448620598238","120.34229542641044"
"三民區","有光路１２３號","高雄市三民區寶盛里有光路123號1樓","181309.069","2504267.908","22.637232344998182","120.33170814694138"
"三民區","九如二路１３８號","高雄市三民區德仁里九如二路138號1樓","179015.904","2504690.938","22.64095798765655","120.30938014893934"
"三民區","大裕路３８號","高雄市三民區本館里大裕路38號1樓","181018.133","2506137.818","22.654106776084614","120.32879573253904"
"三民區","自立一路７１號","高雄市三民區興德里自立一路71號1樓","177713.1","2504181.93","22.63630631593781","120.29672900763885"
"三民區","天祥一路３８號","高雄市三民區鼎金里天祥一路38號1樓","180505.274","2507520.974","22.66657637615457","120.32374460297878"
"三民區","興昌街３４號","高雄市三民區正興里興昌街34號1樓","179959.18","2505295.948","22.64646079440598","120.3185300319039"
"三民區","十全一路１００號","高雄市三民區安生里十全一路100號1樓","179081.91","2505157.95","22.645178096319846","120.31000123421772"
"三民區","大昌一路１８６號","高雄市三民區本和里大昌一路186號、188號","180613.349","2506229.554","22.654918655086924","120.32485327979225"
"三民區","覺民路５１０號","高雄市三民區覺民路510號1樓","181276.971","2504675.92","22.640915607051436","120.3313780520724"
"三民區","九如一路２８６號","高雄市三民區九如一路286號1樓","181653.996","2504366.908","22.63814031745655","120.3350594540568"
"三民區","力行路１５４號","高雄市三民區力行路154號1樓","176752.134","2504427.949","22.63848670640093","120.28736897323161"
"三民區","自由一路１號","高雄市三民區自由一路1號1樓","178905.18","2504712.12","22.64114462789653","120.3083019933977"
"三民區","金鼎路３５８號","高雄市三民區鼎中里金鼎路358號1樓","180072.911","2507372.005","22.665213299987467","120.31954412652674"
"三民區","陽明路３６０號","高雄市三民區陽明路360號1樓","182448.663","2505136.923","22.645125844926614","120.34275732041345"
"三民區","建國二路２５９號","高雄市三民區建國二路259號1樓","178483.961","2504304.932","22.637449795346654","120.30422260575035"
"三民區","九如二路４０６號","高雄市三民區精華里九如二路406號1樓","178126.539","2504764.948","22.641588830882228","120.30072443092573"
"三民區","九如二路５５８號","高雄市三民區九如二路558號1樓","177643.4","2504805.556","22.641934970933505","120.296022249212"
"三民區","陽明路１９６號","高雄市三民區陽明路196號1樓","182390.955","2504821.915","22.6422788490808","120.34220942396982"
"三民區","凱旋一路１３４號","高雄市三民區博惠里凱旋一路134號1樓","179994.671","2504197.917","22.63654649098779","120.31892421454886"
"三民區","大豐二路４５７號","高雄市三民區寶玉里大豐二路457號1樓","181619.506","2505509.94","22.648461109541724","120.33467420181067"
"三民區","建國三路１１５號","高雄市三民區港西里建國三路115號","177992.873","2504331.302","22.637667128303235","120.29944389157404"
"三民區","熱河二街１５８號","高雄市三民區民享里熱河二街158號及嫩江街121號","177878.42","2505085.95","22.644477080817076","120.29829583037474"
"三民區","灣復街２４號","高雄市三民區灣復里灣復街24號1樓及鼎山街566之15號1樓","179808.576","2505932.967","22.652207152312762","120.31703634343076"
"三民區","臥龍路７１號","高雄市三民區臥龍路71號1樓","181115.257","2504496.916","22.63929253879421","120.3298126241371"
"三民區","鼎力路３８２號","高雄市三民區鼎金里鼎力路382號1樓","180704.463","2507838.013","22.669447562262235","120.32566882079831"
"三民區","覺民路２１５號","高雄市三民區寶慶里覺民路215號1樓","182091.83","2504504.908","22.6394041386844","120.33931297798158"
"三民區","熱河二街１８號","高雄市三民區民享里熱河二街18號1樓","178251.451","2505053.955","22.644203994800716","120.30192647389906"
"三民區","建興路２７４號","高雄市三民區寶龍里建興路274號1樓","180523.021","2505196.94","22.645589927912823","120.32402006706366"
"三民區","鼎貴路２０８號","高雄市三民區鼎盛里鼎貴路208號1樓","180353.743","2508423.032","22.674716157439008","120.32223010716048"
"三民區","民族一路７９６號","高雄市三民區鼎泰里民族一路796號1樓","179804.192","2507475.01","22.66613235630054","120.31692477749938"
"三民區","博愛一路１５４號","高雄市三民區安和里博愛一路154號1樓","178408.165","2505211.958","22.6456374674363","120.30344393176723"
"三民區","大豐二路３４１號","高雄市三民區大豐二路341號1樓","181543.198","2505289.935","22.646471266101447","120.3339413636967"
"三民區","九如一路５１５號","高雄市三民區寶盛里九如一路515號1樓","180900.94","2504460.91","22.63895865778716","120.32772920235033"
"三民區","建國二路２０８號","高雄市三民區建國二路208號1樓","178717.23","2504332.41","22.637707765430907","120.30649069938595"
"三民區","民族一路７６號","高雄市三民區民族一路76號1樓","179554.146","2504876.939","22.642660137629765","120.31460820078435"
"三民區","裕誠路１２３號","高雄市三民區裕誠路123號1樓","179390.159","2507207.006","22.66369492687996","120.31290809685308"
"三民區","建國三路５３５號","高雄市三民區建國三路535號1樓","176804.13","2504032.93","22.634921755344287","120.28789319807275"
"三民區","明仁路２３號","高雄市三民區明仁路23號1樓","179478.63","2506891.29","22.660847552985988","120.31378312187483"
"三民區","建元路６２號","高雄市三民區正興里建元路62號1樓","179868.474","2505283.948","22.64634867457048","120.31764808123346"
"三民區","建工路４６０號","高雄市三民區建工路460號1樓","180871.254","2505858.956","22.651582519940284","120.32737892090071"
"三民區","鼎力路１００號","高雄市三民區鼎西里鼎力路100號1樓","180326.11","2507316.54","22.66472286997652","120.32201031738619"
"三民區","鼎中路１３９號","高雄市三民區鼎泰里鼎中路139號1樓","180019.651","2507027.858","22.662103286344045","120.31904122127665"
"三民區","大昌二路３４６號","高雄市三民區大昌二路346號1樓","181357.185","2505444.941","22.64786352140289","120.33212485318133"
"三民區","建工路５８２號","高雄市三民區建工路582號1樓","180496.337","2505668.892","22.649850797389544","120.3237395880656"
"三民區","建國二路３１８號","高雄市三民區建國二路318號1樓","178308.32","2504400.89","22.63830891853315","120.3025095225863"
"三民區","九如一路２２７號","高雄市三民區寶民里九如一路227號1樓","181997.42","2504248.902","22.637088478727634","120.33840556849673"
"三民區","建國二路２８號","高雄市三民區建國二路28號","179307.122","2504313.926","22.6375655622022","120.31223026399488"
"三民區","正興路１１７號","高雄市三民區正興路117號","180127.89","2505239.94","22.645961983444998","120.32017391529094"
"三民區","興昌街八三巷一五號","高雄市三民區興昌街八三巷15號1樓","179904.709","2505247.724","22.646023054102418","120.31800222950329"
"三民區","臥龍路６２號","高雄市三民區臥龍路62號1樓","181151.707","2504514.073","22.639448957246064","120.33016648046494"
"三民區","黃興路１４９號","高雄市三民區黃興路149號1樓","182241.049","2505305.93","22.646643775299108","120.34073015158367"
"三民區","建工路３０４號","高雄市三民區建工路304號","181302.28","2506080.95","22.653604783725676","120.33156286835398"
"三民區","十全二路１１６號","高雄市三民區十全二路116號1樓","178048.838","2505240.962","22.64588415906737","120.29994671566453"
"三民區","義華路１７１號","高雄市三民區義華路171號1樓","182195.541","2504867.918","22.642686469875322","120.34030628988286"
"三民區","明哲路２４號","高雄市三民區明哲路24號1樓","179433.259","2506958.999","22.661457105725194","120.31333861598628"
"三民區","九如一路４９８號","高雄市三民區九如一路498號1樓","180950.835","2504506.573","22.63937305286998","120.32821260448128"
"三民區","民族一路五四三巷二五號","高雄市三民區民族一路五四三巷25號1樓","179586.54","2507481.978","22.66618623618862","120.314806610257"
